Model,Task,Precision,Primary_Average,Primary_Median,Primary_StdDev,Secondary_Average,Secondary_Median,Secondary_StdDev
EkcupKadakChai/Llama-3B_LoRA_FP16_rag-FP16,rag,FP16,0.7683333333333332,0.77,0.006236095644623242,0.8411797298562004,0.8435109792168615,0.010645335701957798
EkcupKadakChai/Llama-3B_QLoRA_INT4_rag-MERGED,rag,INT4,0.75,0.75,0.004082482904638634,0.8121671297971608,0.806566229522112,0.010169165229265817
EkcupKadakChai/Llama-3B_LoRA_FP16_rag-INT8,rag,INT8,0.7666666666666666,0.77,0.008498365855987983,0.8243577857327858,0.8216024531024531,0.00458594770754564
EkcupKadakChai/Llama-3B_LoRA_FP16_rag-INT4,rag,INT4,0.7716666666666668,0.77,0.006236095644623242,0.8266359706136127,0.8316275506249932,0.012195868526905561
EkcupKadakChai/Llama-1B_LoRA_FP16_rag-INT8,rag,INT8,0.7533333333333334,0.76,0.013123346456686365,0.8010663595663595,0.8059975258659469,0.01105056782752272
EkcupKadakChai/Llama-7B_QLoRA_INT4_rag-MERGED,rag,INT4,0.7666666666666666,0.77,0.004714045207910321,0.8335869182474446,0.8340321123321124,0.0074623990281613255
EkcupKadakChai/Llama-3B_LoRA_FP16_summ-INT8,summ,INT8,0.86,0.87,0.0177951304200522,0.2457577456687634,0.24730857470703768,0.006333146018361548
EkcupKadakChai/Llama-3B_LoRA_FP16_summ-FP16,summ,FP16,0.8783333333333333,0.9,0.030641293851417086,0.2504728393475048,0.24938441028144123,0.0039060505819643694
EkcupKadakChai/Llama-3B_QLoRA_INT4_summ-MERGED,summ,INT4,0.89,0.895,0.014719601443879758,0.24718324411134115,0.24863906779971756,0.007442918170727271
EkcupKadakChai/Llama-3B_LoRA_FP16_summ-INT4,summ,INT4,0.8716666666666666,0.86,0.020138409955990973,0.23192442098883,0.2320431565436774,0.004397310914195479
EkcupKadakChai/Llama-1B_LoRA_FP16_summ-INT8,summ,INT8,0.7833333333333333,0.77,0.022484562605386706,0.22341643811310244,0.22439954865887518,0.006551148947407959
EkcupKadakChai/Llama-7B_QLoRA_INT4_summ-MERGED,summ,INT4,0.9233333333333333,0.92,0.004714045207910321,0.2839638496685535,0.28052564925233375,0.005258354145427549
EkcupKadakChai/Llama-7B_LoRA_FP16_chat-INT8,chat,INT8,7.645,7.645,0.02041241452319308,9.443333333333333,9.455,0.02392116682401211
EkcupKadakChai/Llama-7B_LoRA_FP16_chat-INT4,chat,INT4,7.668333333333333,7.67,0.026562295750848872,9.43,9.455,0.04262237284181508
EkcupKadakChai/Llama-1B_LoRA_FP16_chat-FP16,chat,FP16,6.6433333333333335,6.665,0.07706418681131248,9.516666666666666,9.525,0.023213980461973545
EkcupKadakChai/Llama-1B_QLoRA_INT4_chat-MERGED,chat,INT4,6.699999999999999,6.755,0.07778174593052024,9.57,9.57,0.012247448713916354
EkcupKadakChai/Llama-1B_LoRA_FP16_chat-INT4,chat,INT4,6.688333333333333,6.715,0.04496912521077335,9.416666666666666,9.425,0.019293061504650374
EkcupKadakChai/Llama-7B_LoRA_FP16_chat-FP16,chat,FP16,7.691666666666666,7.68,0.02392116682401211,9.451666666666666,9.45,0.006236095644623577
EkcupKadakChai/Llama-7B_LoRA_FP16_rag-INT8,rag,INT8,0.7399999999999999,0.74,0.004082482904638634,0.8315797689964356,0.8319407420065315,0.015914032084612742
EkcupKadakChai/Llama-7B_LoRA_FP16_rag-INT4,rag,INT4,0.7333333333333334,0.73,0.012472191289246483,0.83923016983017,0.8406577644577645,0.006335443823410689
EkcupKadakChai/Llama-1B_LoRA_FP16_rag-FP16,rag,FP16,0.7416666666666667,0.74,0.010274023338281637,0.7964335898020108,0.7958615229799441,0.006419172541376608
EkcupKadakChai/Llama-1B_QLoRA_INT4_rag-MERGED,rag,INT4,0.7416666666666666,0.74,0.0023570226039551605,0.7940331384015594,0.7971315029999241,0.007789855530384078
EkcupKadakChai/Llama-1B_LoRA_FP16_rag-INT4,rag,INT4,0.7516666666666666,0.76,0.015456030825826186,0.7663725509383404,0.7648061543719439,0.012580250088435226
EkcupKadakChai/Llama-7B_LoRA_FP16_rag-FP16,rag,FP16,0.7400000000000001,0.74,0.004082482904638634,0.8368474814258096,0.8365011185580845,0.011750368865134884
EkcupKadakChai/Llama-7B_LoRA_FP16_summ-INT8,summ,INT8,0.92,0.92,0.012247448713915901,0.27903033075675293,0.2782916235543286,0.00799666689777587
EkcupKadakChai/Llama-7B_LoRA_FP16_summ-INT4,summ,INT4,0.9283333333333333,0.925,0.016499158227686075,0.27401377449009706,0.27533854416622594,0.006399946715392281
EkcupKadakChai/Llama-1B_LoRA_FP16_summ-FP16,summ,FP16,0.765,0.765,0.012247448713915901,0.21921301143891694,0.21924058684875458,0.002219593659603672
EkcupKadakChai/Llama-1B_QLoRA_INT4_summ-MERGED,summ,INT4,0.79,0.79,0.012247448713915901,0.22499080537390023,0.22282338462274626,0.004558147088444027
EkcupKadakChai/Llama-1B_LoRA_FP16_summ-INT4,summ,INT4,0.7633333333333333,0.76,0.008498365855987981,0.208751939556293,0.20888065342584844,0.0019515075405900062
EkcupKadakChai/Llama-7B_LoRA_FP16_summ-FP16,summ,FP16,0.91,0.915,0.007071067811865481,0.2880824334354183,0.28903321795746983,0.00707342110583867
EkcupKadakChai/Llama-3B_LoRA_FP16_chat-FP16,chat,FP16,7.586666666666666,7.58,0.013123346456686485,9.408333333333333,9.405,0.020548046676563587
EkcupKadakChai/Llama-3B_QLoRA_INT4_chat-MERGED,chat,INT4,7.675,7.675,0.02041241452319308,9.451666666666668,9.435,0.03472111109333271
EkcupKadakChai/Llama-3B_LoRA_FP16_chat-INT8,chat,INT8,7.658333333333334,7.655,0.04089281382128418,9.424999999999999,9.43,0.03082207001484528
EkcupKadakChai/Llama-3B_LoRA_FP16_chat-INT4,chat,INT4,7.576666666666667,7.565,0.035668224265054435,9.431666666666667,9.425,0.009428090415820432
EkcupKadakChai/Llama-1B_LoRA_FP16_chat-INT8,chat,INT8,7.276666666666666,7.275,0.006236095644623419,9.348333333333334,9.35,0.010274023338281025
EkcupKadakChai/Llama-7B_QLoRA_INT4_chat-MERGED,chat,INT4,7.7250000000000005,7.72,0.05522680508593623,9.465000000000002,9.46,0.026770630673681448
